,id,response,cand,question,knowledge,knowledge_ans,score
0,0,i love gardening as well . it is considered to be relaxing .,NO_Q,NO_Q,Gardening is considered by many people to be a relaxing activity.,NO_Q,-1.0
1,1,"it aired in the us , canada and latin america",us,In what country did the show air?,"He was the creator and host of ""The Joy of Painting"", an instructional television program that aired from 1983 to 1994 on PBS in the United States, and also aired in Canada, Latin America, and Europe.",united states,0.0
2,1,"it aired in the us , canada and latin america",canada,"Along with latin america, what other country aired on American Idol?","He was the creator and host of ""The Joy of Painting"", an instructional television program that aired from 1983 to 1994 on PBS in the United States, and also aired in Canada, Latin America, and Europe.",[CLS],0.0
3,1,"it aired in the us , canada and latin america",latin america,"Along with the us, canada and what other country did the show air in?","He was the creator and host of ""The Joy of Painting"", an instructional television program that aired from 1983 to 1994 on PBS in the United States, and also aired in Canada, Latin America, and Europe.",latin america,1.0
4,1,"it aired in the us , canada and latin america",the us,In what country did it air?,"He was the creator and host of ""The Joy of Painting"", an instructional television program that aired from 1983 to 1994 on PBS in the United States, and also aired in Canada, Latin America, and Europe.",united states,0.0
5,2,"well , there are three categories of finance : public , corporate , and personal .",three,How many categories of finance are there?,"Finance can be broken into three sub-categories: public finance, corporate finance and personal finance.",three,1.0
6,2,"well , there are three categories of finance : public , corporate , and personal .",finance,There are three categories of what?,"Finance can be broken into three sub-categories: public finance, corporate finance and personal finance.",finance,1.0
7,3,they also employ more than 10000 people worldwide .,more than 10000,How many people do they employ worldwide?,"Penguin Random House employs more than 10,000 people globally.","more than 10,000",1.0
8,4,tennis is such a fun racket sport . do you play singles or doubles ?,tennis,What is a fun racket sport?,Tennis is a racket sport that can be played individually against a single opponent (singles) or between two teams of two players each (doubles).,tennis,1.0
9,4,tennis is such a fun racket sport . do you play singles or doubles ?,such a fun racket sport,Why is tennis so popular?,Tennis is a racket sport that can be played individually against a single opponent (singles) or between two teams of two players each (doubles).,[CLS],0.0
10,5,red hair only occurs in 1 - 2 percent of the population .,1 - 2 percent,What percentage of the population has red hair?,Red hair (or ginger hair) occurs naturally in 1–2% of the human population.,1–2%,0.0
11,5,red hair only occurs in 1 - 2 percent of the population .,red hair,What type of hair only occurs in 1 - 2 percent of the population?,Red hair (or ginger hair) occurs naturally in 1–2% of the human population.,[CLS],0.0
12,5,red hair only occurs in 1 - 2 percent of the population .,the population,Red hair only occurs in 1 - 2 percent of what?,Red hair (or ginger hair) occurs naturally in 1–2% of the human population.,human population,0.6666666666666666
13,6,"i know a lot about him . he was born in queens , new york . he grew up there .",queens,In what city was he born?,Trump was born and grew up in the New York City borough of Queens and earned an economics degree from the Wharton School of the University of Pennsylvania.,new york city,0.0
14,7,"the beatles formed in 1960 in liverpool , england .",1960,When did the beatles form?,The Beatles were an English rock band formed in Liverpool in 1960.,1960,1.0
15,7,"the beatles formed in 1960 in liverpool , england .",the beatles,What band formed in 1960?,The Beatles were an English rock band formed in Liverpool in 1960.,the beatles,1.0
16,7,"the beatles formed in 1960 in liverpool , england .",liverpool,In what city were the beatles formed?,The Beatles were an English rock band formed in Liverpool in 1960.,liverpool,1.0
17,8,"i ' m not sure , but comic books have been around since the 18th century in japan .",the 18th century,Since when have comic books been around in japan?,"Although some origins in 18th century Japan and 1830s Europe, comic books were first popularized in the United States during the 1930s.",18th century,1.0
18,8,"i ' m not sure , but comic books have been around since the 18th century in japan .",japan,Comic books have been around since the 18th century in what country?,"Although some origins in 18th century Japan and 1830s Europe, comic books were first popularized in the United States during the 1930s.",japan,1.0
19,8,"i ' m not sure , but comic books have been around since the 18th century in japan .",comic books,What has been around since the 18th century in japan?,"Although some origins in 18th century Japan and 1830s Europe, comic books were first popularized in the United States during the 1930s.",[CLS],0.0
20,9,"there are so many elements to them like balloons , speech bubbles , text and characters",them,There are so many elements to what?,"The key elements of comic books include panels, balloons (speech bubbles), text (lines), and characters.",comic books,0.0
21,9,"there are so many elements to them like balloons , speech bubbles , text and characters",balloons,What is an example of an element that can be used in a movie?,"The key elements of comic books include panels, balloons (speech bubbles), text (lines), and characters.",[CLS],0.0
22,9,"there are so many elements to them like balloons , speech bubbles , text and characters",text,"Along with balloons, speech bubbles, and characters, what else is included in a game?","The key elements of comic books include panels, balloons (speech bubbles), text (lines), and characters.",[CLS],0.0
23,9,"there are so many elements to them like balloons , speech bubbles , text and characters",characters,"Along with balloons, speech bubbles, text and what else are there so many elements to a game?","The key elements of comic books include panels, balloons (speech bubbles), text (lines), and characters.",[CLS],0.0
24,10,"yes that is true , there have been numerous international versions of top chef that have been produced as well .",top chef,There have been numerous international versions of what chef?,"Numerous international adaptations of ""Top Chef"" have also been produced.","""top chef""",1.0
25,11,you should try it . it can reduce stress and anxiety .,you,What should try it?,"Meditation may be used to reduce stress, anxiety, depression, and pain.",[CLS],0.0
26,11,you should try it . it can reduce stress and anxiety .,anxiety,"Along with stress, what else can be reduced by taking it?","Meditation may be used to reduce stress, anxiety, depression, and pain.",anxiety,1.0
27,12,"i ' m not sure , but as of 2016 it was the largest print and digital circulation in the us .",2016,As of what year was it the largest print and digital circulation in the us?,"As of September 2016, it had the largest combined print-and-digital circulation of any daily newspaper in the United States.",2016,1.0
28,12,"i ' m not sure , but as of 2016 it was the largest print and digital circulation in the us .",the us,What country has the largest print and digital circulation?,"As of September 2016, it had the largest combined print-and-digital circulation of any daily newspaper in the United States.",united states,0.0
29,13,today there is more than 2 billion christians in the world .,more than 2 billion,How many Christians are there in the world today?,Today there are more than two billion Christians worldwide.,more than two billion,0.75
30,13,today there is more than 2 billion christians in the world .,the world,There are more than 2 billion christians in what world?,Today there are more than two billion Christians worldwide.,worldwide,0.0
31,14,"yes , they first launched back in 1969 in paris .",1969,When did they launch?,"Sephora first launched in Paris on August 14, 1969.","august 14, 1969",0.5
32,14,"yes , they first launched back in 1969 in paris .",paris,In what city did they launch in 1969?,"Sephora first launched in Paris on August 14, 1969.",paris,1.0
33,15,i can ' t believe scream was released in 1996 !,1996,When was scream released?,Scream is a 1996 American slasher film directed by Wes Craven and written by Kevin Williamson.,1996,1.0
34,15,i can ' t believe scream was released in 1996 !,i can ' t believe scream,What song was released in 1996?,Scream is a 1996 American slasher film directed by Wes Craven and written by Kevin Williamson.,[CLS],0.0
35,16,"i do not , but i do know that she was born in michigan and raised there .",michigan,Where was she born?,"Born and raised in Michigan, Madonna moved to New York City in 1978 to pursue a career in modern dance.",michigan,1.0
36,17,there are hundreds of different kinds of cheese produced in different countries .,hundreds,How many different kinds of cheese are produced in different countries?,Hundreds of types of cheese from various countries are produced.,hundreds,1.0
37,17,there are hundreds of different kinds of cheese produced in different countries .,different kinds,There are hundreds of what kind of cheese?,Hundreds of types of cheese from various countries are produced.,cheese from various countries,0.0
38,17,there are hundreds of different kinds of cheese produced in different countries .,cheese,There are hundreds of different kinds of what?,Hundreds of types of cheese from various countries are produced.,cheese,1.0
39,17,there are hundreds of different kinds of cheese produced in different countries .,different countries,There are hundreds of different kinds of cheese produced in what countries?,Hundreds of types of cheese from various countries are produced.,various countries,0.5
40,18,purple is my favorite color . it ' s between red and blue .,my favorite color,What is purple?,Purple is a color intermediate between blue and red.,a color intermediate between blue and red,0.2222222222222222
41,19,"i ' m not sure , but most law school only offers a three year program .",three year,Most law schools offer how long a program?,"Although most law schools only offer the traditional three-year program, several U.S. law schools offer an Accelerated JD program.",three-year,0.0
42,19,"i ' m not sure , but most law school only offers a three year program .",most law school,What school offers a three year program?,"Although most law schools only offer the traditional three-year program, several U.S. law schools offer an Accelerated JD program.",[CLS],0.0
43,19,"i ' m not sure , but most law school only offers a three year program .",a three year program,Most law schools only offer what kind of program?,"Although most law schools only offer the traditional three-year program, several U.S. law schools offer an Accelerated JD program.",traditional three-year program,0.3333333333333333
44,20,i think it ' s interesting that vegetarians were promoted by philosophers and religious groups .,vegetarians,What was promoted by philosophers and religious groups?,"In both instances the diet was closely connected with the idea of nonviolence toward animals (called ""ahimsa"" in India), and was promoted by religious groups and philosophers.",[CLS],0.0
45,20,i think it ' s interesting that vegetarians were promoted by philosophers and religious groups .,philosophers,"Along with religious groups, who promoted vegetarians?","In both instances the diet was closely connected with the idea of nonviolence toward animals (called ""ahimsa"" in India), and was promoted by religious groups and philosophers.",philosophers,1.0
46,20,i think it ' s interesting that vegetarians were promoted by philosophers and religious groups .,religious groups,"Along with philosophers, what groups promoted vegetarians?","In both instances the diet was closely connected with the idea of nonviolence toward animals (called ""ahimsa"" in India), and was promoted by religious groups and philosophers.",religious groups,1.0
47,21,"yes , i love american pancakes , they are like scotch pancakes",scotch pancakes,American pancakes are like what?,American pancakes are similar to Scotch pancakes or drop scones.,scotch pancakes or drop scones,0.5714285714285715
48,22,have you ever been to nashville ? it ' s the capital of tennessee .,tennessee,What state is nashville the capital of?,Nashville () is the capital and most populous city of the U.S. state of Tennessee and the seat of Davidson County.,tennessee,1.0
49,22,have you ever been to nashville ? it ' s the capital of tennessee .,nashville,What is the capital of tennessee?,Nashville () is the capital and most populous city of the U.S. state of Tennessee and the seat of Davidson County.,nashville,1.0
50,23,it took me a while to get used to it . it is very popular at tropical resorts .,a while,How long did it take me to get used to it?,"Snorkeling is a popular recreational activity, particularly at tropical resort locations.",[CLS],0.0
51,23,it took me a while to get used to it . it is very popular at tropical resorts .,tropical resorts,Where is it very popular?,"Snorkeling is a popular recreational activity, particularly at tropical resort locations.",tropical resort locations,0.4
52,24,have you ever had an iphone ? the first generation was released in june of 2007 .,first,What generation of iphone was released in 2007?,"The first-generation iPhone was released on June 29, 2007, and there have been multiple new hardware iterations with new iOS releases since.",first,1.0
53,24,have you ever had an iphone ? the first generation was released in june of 2007 .,june of 2007,When was the first iphone released?,"The first-generation iPhone was released on June 29, 2007, and there have been multiple new hardware iterations with new iOS releases since.","june 29, 2007",0.6666666666666666
54,24,have you ever had an iphone ? the first generation was released in june of 2007 .,you,Who has ever had an iphone?,"The first-generation iPhone was released on June 29, 2007, and there have been multiple new hardware iterations with new iOS releases since.",[CLS],0.0
55,24,have you ever had an iphone ? the first generation was released in june of 2007 .,an iphone,What device was the first generation of?,"The first-generation iPhone was released on June 29, 2007, and there have been multiple new hardware iterations with new iOS releases since.",iphone,1.0
56,24,have you ever had an iphone ? the first generation was released in june of 2007 .,the first generation,What was released in june of 2007?,"The first-generation iPhone was released on June 29, 2007, and there have been multiple new hardware iterations with new iOS releases since.",the first-generation iphone,0.0
57,25,during sleep the body is in a state of restoring the immune system and nervous system .,sleep,The body is in a state of restoring the immune system and nervous system during what?,"During sleep, most of the body's systems are in an anabolic state, helping to restore the immune, nervous, skeletal, and muscular systems; these are vital processes that maintain mood, memory, and cognitive performance, and play a large role in the function of the endocrine and immune systems.",sleep,1.0
58,25,during sleep the body is in a state of restoring the immune system and nervous system .,the body,What is in a state of restoring the immune system and nervous system?,"During sleep, most of the body's systems are in an anabolic state, helping to restore the immune, nervous, skeletal, and muscular systems; these are vital processes that maintain mood, memory, and cognitive performance, and play a large role in the function of the endocrine and immune systems.",anabolic state,0.0
59,25,during sleep the body is in a state of restoring the immune system and nervous system .,the immune system,The body is in a state of restoring what system?,"During sleep, most of the body's systems are in an anabolic state, helping to restore the immune, nervous, skeletal, and muscular systems; these are vital processes that maintain mood, memory, and cognitive performance, and play a large role in the function of the endocrine and immune systems.","immune, nervous, skeletal, and muscular systems",0.25
60,25,during sleep the body is in a state of restoring the immune system and nervous system .,nervous system,The body is in a state of restoring the immune system and what else?,"During sleep, most of the body's systems are in an anabolic state, helping to restore the immune, nervous, skeletal, and muscular systems; these are vital processes that maintain mood, memory, and cognitive performance, and play a large role in the function of the endocrine and immune systems.","nervous, skeletal, and muscular systems",0.28571428571428575
61,26,i am not sure who created it but the internet has a wide range of info resources,the internet,What has a wide range of info resources?,"The Internet carries a vast range of information resources and services, such as the inter-linked hypertext documents and applications of the World Wide Web (WWW), electronic mail, telephony, and file sharing.",the internet,1.0
62,26,i am not sure who created it but the internet has a wide range of info resources,a wide range,The internet has what kind of info resources?,"The Internet carries a vast range of information resources and services, such as the inter-linked hypertext documents and applications of the World Wide Web (WWW), electronic mail, telephony, and file sharing.",a vast range,0.5
63,26,i am not sure who created it but the internet has a wide range of info resources,info resources,The internet has a wide range of what?,"The Internet carries a vast range of information resources and services, such as the inter-linked hypertext documents and applications of the World Wide Web (WWW), electronic mail, telephony, and file sharing.",information resources and services,0.3333333333333333
64,27,"i don ' t know any flavors , but i do know that tea is one of the most consumed drinks in the whole world .",tea,What is one of the most consumed drinks in the world?,"After water, it is the most widely consumed drink in the world.",,0.0
65,27,"i don ' t know any flavors , but i do know that tea is one of the most consumed drinks in the whole world .",the most consumed drinks,What is tea one of in the world?,"After water, it is the most widely consumed drink in the world.",[CLS],0.0
66,27,"i don ' t know any flavors , but i do know that tea is one of the most consumed drinks in the whole world .",the whole world,In what part of the world is tea the most consumed drink?,"After water, it is the most widely consumed drink in the world.",world,0.6666666666666666
67,28,telenovelas are usually produced in latin american,latin american,Telenovelas are usually produced in what country?,"A telenovela ( or ; , ), ) is a type of limited-run television serial drama or soap opera produced primarily in Latin America.",latin america,0.5
68,28,telenovelas are usually produced in latin american,telenovelas,What are usually produced in latin american?,"A telenovela ( or ; , ), ) is a type of limited-run television serial drama or soap opera produced primarily in Latin America.",[CLS],0.0
69,29,well the term is also applied to changing gender roles,gender roles,The term is also applied to changing what?,"The term may also be applied to the broader process of changing gender role (""living as a woman"" instead of living as a man, or vice versa), including but not necessarily limited to medical procedures.",gender role,0.5
70,30,they are also considered to be the fastest breed of dogs .,they,What is considered to be the fastest breed of dog?,They are an ever-changing cross-breed of the fastest dogs.,[CLS],0.0
71,30,they are also considered to be the fastest breed of dogs .,dogs,What is considered to be the fastest breed?,They are an ever-changing cross-breed of the fastest dogs.,dogs,1.0
72,31,"yeah , it was originally designed for a show show in 1953 .",1953,When was it originally designed for a show?,"Originally designed as a show car for the 1953 Motorama display at the New York Auto Show, it generated enough interest to induce GM to make a production version to sell to the public.",1953,1.0
73,31,"yeah , it was originally designed for a show show in 1953 .",a show show,What was the original purpose of the film?,"Originally designed as a show car for the 1953 Motorama display at the New York Auto Show, it generated enough interest to induce GM to make a production version to sell to the public.",[CLS],0.0
74,32,"i don ' t really have a favorite character , but i do know that it ' s an animated sitcom .",NO_Q,NO_Q,The Flintstones is an American animated sitcom produced by Hanna-Barbera for ABC.,NO_Q,-1.0
75,33,me too ! i love how the show is set in the stone age,the stone age,What age is the show set in?,"The series takes place in a romanticized Stone Age setting, depicts the lives of the titular characters and their next-door neighbors and best friends.",stone age,1.0
76,34,"yes , she is a great singer . she sang in church as a child .",she,Who is a great singer?,"After singing in church during her childhood, she pursued a career in gospel music as a teenager.",[CLS],0.0
77,34,"yes , she is a great singer . she sang in church as a child .",a great singer,Is she a good singer?,"After singing in church during her childhood, she pursued a career in gospel music as a teenager.",[CLS],0.0
78,34,"yes , she is a great singer . she sang in church as a child .",church,Where did she sing as a child?,"After singing in church during her childhood, she pursued a career in gospel music as a teenager.",church,1.0
79,35,"do you like disney movies ? i really like the 1989 disney movie "" little mermaid "" .",1989,"When was the movie ""little mermaid"" released?",The Little Mermaid is a 1989 American animated musical fantasy film produced by Walt Disney Feature Animation and released by Walt Disney Pictures.,1989,1.0
80,36,i agree ! it ' s also known as the media capital for the world !,the media capital,What is it also known as for the world?,"A global power city, New York City has been described as the cultural, financial, and media capital of the world, and exerts a significant impact upon commerce, entertainment, research, technology, education, politics, and sports.",capital,0.6666666666666666
81,36,i agree ! it ' s also known as the media capital for the world !,the world,It's also known as the media capital for what?,"A global power city, New York City has been described as the cultural, financial, and media capital of the world, and exerts a significant impact upon commerce, entertainment, research, technology, education, politics, and sports.",the world,1.0
82,37,"i ' m not sure about coconut , but i do know that it is a high ball cocktail",a high ball cocktail,What is coconut known as?,"Rum and Coke, or a Cuba Libre (; , ""Free Cuba"" libre here an adjective, not a verb), is a highball cocktail consisting of cola, rum, and traditionally lime juice on ice.",[CLS],0.0
83,38,interestingly beets were also used in wine in the middle 19th century,the middle 19th century,When were beets used in wine?,"During the middle of the 19th century, wine often was coloured with beetroot juice.",during the middle of the 19th century,0.7499999999999999
84,38,interestingly beets were also used in wine in the middle 19th century,beets,What was used in wine in the middle of the 19th century?,"During the middle of the 19th century, wine often was coloured with beetroot juice.",beetroot juice,0.0
85,38,interestingly beets were also used in wine in the middle 19th century,wine,Beets were also used in what beverage in the middle of the 19th century?,"During the middle of the 19th century, wine often was coloured with beetroot juice.",wine,1.0
86,39,"i ' m not sure , but i do know that blue is an important color in decoration and art .",blue,What color is an important color in art?,Blue has been an important colour in art and decoration since ancient times.,blue,1.0
87,39,"i ' m not sure , but i do know that blue is an important color in decoration and art .",decoration,Blue is an important color in what kind of art?,Blue has been an important colour in art and decoration since ancient times.,decoration,1.0
88,39,"i ' m not sure , but i do know that blue is an important color in decoration and art .",art,Blue is an important color in decoration and what else?,Blue has been an important colour in art and decoration since ancient times.,art,1.0
89,40,christianity makes up the majority of people in 158 different countries .,158,How many different countries have Christians?,Christians make up a majority of the population in 158 countries and territories.,158,1.0
90,40,christianity makes up the majority of people in 158 different countries .,christianity,What religion makes up the majority of people in 158 different countries?,Christians make up a majority of the population in 158 countries and territories.,christians,0.0
91,41,"yep , he was a great theoretical physicist and author",author,"Aside from being a theoretical physicist, what else was he?","Stephen William Hawking, ( born 8 January 1942) is an English theoretical physicist, cosmologist, author and Director of Research at the Centre for Theoretical Cosmology within the University of Cambridge.",cosmologist,0.0
92,42,agriculture is actually the cultivation of animals and plants .,agriculture,What is the cultivation of animals and plants called?,"Agriculture is the cultivation and breeding of animals, plants and fungi for food, fiber, biofuel, medicinal plants and other products used to sustain and enhance life.",agriculture,1.0
93,42,agriculture is actually the cultivation of animals and plants .,animals,"Along with plants, what does agriculture involve?","Agriculture is the cultivation and breeding of animals, plants and fungi for food, fiber, biofuel, medicinal plants and other products used to sustain and enhance life.",animals,1.0
94,42,agriculture is actually the cultivation of animals and plants .,plants,"Along with animals, what does agriculture involve?","Agriculture is the cultivation and breeding of animals, plants and fungi for food, fiber, biofuel, medicinal plants and other products used to sustain and enhance life.",plants and fungi,0.5
95,43,the word pizza has been around since 997 ad,the word pizza,What word is known as pizza?,"The word ""pizza"" was first documented in AD 997 in Gaeta and successively in different parts of Central and Southern Italy.","""pizza""",0.6666666666666666
96,43,the word pizza has been around since 997 ad,997 ad,Since when has pizza been around?,"The word ""pizza"" was first documented in AD 997 in Gaeta and successively in different parts of Central and Southern Italy.",ad 997,1.0
97,44,do you like chocolate ? it is typically sweet and usually brown .,NO_Q,NO_Q,"Chocolate is a typically sweet, usually brown food preparation of ""Theobroma cacao"" seeds, roasted and ground.",NO_Q,-1.0
98,45,"yes , and since our body is less dense , the water supports our weight .",our body,What part of our body is less dense?,"Since the human body is only slightly less dense than water, water supports the weight of the body during swimming.",the human body,0.6666666666666666
99,45,"yes , and since our body is less dense , the water supports our weight .",the water,What supports our weight?,"Since the human body is only slightly less dense than water, water supports the weight of the body during swimming.",water,1.0
100,45,"yes , and since our body is less dense , the water supports our weight .",our weight,What does water support?,"Since the human body is only slightly less dense than water, water supports the weight of the body during swimming.",weight of the body,0.5
101,46,i know that he was a jazz critic in 1971 .,1971,When was he a jazz critic?,"He contributed to ""The Daily Telegraph"" as its jazz critic from 1961 to 1971, articles gathered in ""All What Jazz: A Record Diary 1961–71"" (1985), and he edited ""The Oxford Book of Twentieth Century English Verse"" (1973).",1961 to 1971,0.5
102,46,i know that he was a jazz critic in 1971 .,a jazz critic,What was he known as in 1971?,"He contributed to ""The Daily Telegraph"" as its jazz critic from 1961 to 1971, articles gathered in ""All What Jazz: A Record Diary 1961–71"" (1985), and he edited ""The Oxford Book of Twentieth Century English Verse"" (1973).",[CLS],0.0
103,47,the term pizza has been around for a long time . it was first used in a manuscript in a southern italian town called gaeta .,italian,What language is gaeta?,"The term ""pizza"" was first recorded in the 10th century, in a Latin manuscript from the Southern Italy town of Gaeta in Lazio, on the border with Campania.",[CLS],0.0
104,47,the term pizza has been around for a long time . it was first used in a manuscript in a southern italian town called gaeta .,the term pizza,What has been around for a long time?,"The term ""pizza"" was first recorded in the 10th century, in a Latin manuscript from the Southern Italy town of Gaeta in Lazio, on the border with Campania.",[CLS],0.0
105,47,the term pizza has been around for a long time . it was first used in a manuscript in a southern italian town called gaeta .,a long time,How long has the term pizza been around?,"The term ""pizza"" was first recorded in the 10th century, in a Latin manuscript from the Southern Italy town of Gaeta in Lazio, on the border with Campania.",10th century,0.0
106,47,the term pizza has been around for a long time . it was first used in a manuscript in a southern italian town called gaeta .,a manuscript,Pizza was first used in what?,"The term ""pizza"" was first recorded in the 10th century, in a Latin manuscript from the Southern Italy town of Gaeta in Lazio, on the border with Campania.",a latin manuscript,0.6666666666666666
107,47,the term pizza has been around for a long time . it was first used in a manuscript in a southern italian town called gaeta .,gaeta,What was the name of the town that first used the term pizza?,"The term ""pizza"" was first recorded in the 10th century, in a Latin manuscript from the Southern Italy town of Gaeta in Lazio, on the border with Campania.",gaeta,1.0
108,48,"i ' m not sure , but in june 2013 it was one of the fastest growing cities in the us",june 2013,When did New York City become one of the fastest growing cities in the US?,"In July 2013, it was the fastest-growing major city in the United States and remained in the Top 5 in May 2015 with an annual growth rate of 2.1%.",july 2013,0.5
109,48,"i ' m not sure , but in june 2013 it was one of the fastest growing cities in the us",us,What country was it one of the fastest growing cities in?,"In July 2013, it was the fastest-growing major city in the United States and remained in the Top 5 in May 2015 with an annual growth rate of 2.1%.",united states,0.0
110,48,"i ' m not sure , but in june 2013 it was one of the fastest growing cities in the us",june,In what month of 2013 was New York one of the fastest growing cities in the US?,"In July 2013, it was the fastest-growing major city in the United States and remained in the Top 5 in May 2015 with an annual growth rate of 2.1%.",july,0.0
111,48,"i ' m not sure , but in june 2013 it was one of the fastest growing cities in the us",the us,In 2013 it was one of the fastest growing cities in what country?,"In July 2013, it was the fastest-growing major city in the United States and remained in the Top 5 in May 2015 with an annual growth rate of 2.1%.",united states,0.0
112,49,"i haven ' t won many , but i have been a fan since 1963 when they moved to baltimore .",1963,When did they move to baltimore?,"In 1963, they relocated to Baltimore, Maryland and became the Baltimore Bullets, taking the name from previous team of the same name.",1963,1.0
113,49,"i haven ' t won many , but i have been a fan since 1963 when they moved to baltimore .",baltimore,Where did they move to in 1963?,"In 1963, they relocated to Baltimore, Maryland and became the Baltimore Bullets, taking the name from previous team of the same name.","baltimore, maryland",0.6666666666666666
114,50,hoarding and caching are common behavior in bird species,hoarding,"Along with caching, what is a common behavior among birds?","""Hoarding"" and ""caching"" are common behaviors in many bird species as well as in rodents.","""hoarding""",1.0
115,50,hoarding and caching are common behavior in bird species,caching,Hoarding and what are two common behaviors in birds?,"""Hoarding"" and ""caching"" are common behaviors in many bird species as well as in rodents.","""caching""",1.0
116,50,hoarding and caching are common behavior in bird species,common behavior,What are hoarding and caching in birds?,"""Hoarding"" and ""caching"" are common behaviors in many bird species as well as in rodents.",common behaviors,0.5
117,50,hoarding and caching are common behavior in bird species,bird species,Hoarding and caching are common behavior in what?,"""Hoarding"" and ""caching"" are common behaviors in many bird species as well as in rodents.",many bird species,0.8
118,51,you ' re welcome . they ' re often regarded the most valuable position in the defense .,you,Who's welcome?,"Linebackers are often regarded as the most important position in defense, due to their versatility in providing hard hits on running plays or an additional layer of pass protection, when required.",[CLS],0.0
119,51,you ' re welcome . they ' re often regarded the most valuable position in the defense .,the most valuable position,What are they often regarded as in the defense?,"Linebackers are often regarded as the most important position in defense, due to their versatility in providing hard hits on running plays or an additional layer of pass protection, when required.",the most important position,0.6666666666666666
120,51,you ' re welcome . they ' re often regarded the most valuable position in the defense .,the defense,They're often regarded as the most valuable position in what?,"Linebackers are often regarded as the most important position in defense, due to their versatility in providing hard hits on running plays or an additional layer of pass protection, when required.",defense,1.0
121,52,"that ' s true . in some countries , electric bicycles are regulated by the government .",some countries,Where are electric bicycles regulated by the government?,Many countries have enacted electric bicycle laws to regulate the use of electric bicycles.,many countries,0.5
122,52,"that ' s true . in some countries , electric bicycles are regulated by the government .",electric bicycles,What type of bicycles are regulated by the government?,Many countries have enacted electric bicycle laws to regulate the use of electric bicycles.,electric bicycles,1.0
123,52,"that ' s true . in some countries , electric bicycles are regulated by the government .",the government,Who regulates electric bicycles in some countries?,Many countries have enacted electric bicycle laws to regulate the use of electric bicycles.,electric bicycle laws,0.0
124,53,that ' s great ! weight loss happens when your body expends more energy than it ' s absorbing .,weight loss,What happens when the body expends more energy than it absorbs?,Weight loss occurs when the body is expending more energy in work and metabolism than it is absorbing from food or other nutrients.,weight loss,1.0
125,53,that ' s great ! weight loss happens when your body expends more energy than it ' s absorbing .,your body,What does weight loss happen when it expends more energy than it absorbs?,Weight loss occurs when the body is expending more energy in work and metabolism than it is absorbing from food or other nutrients.,work and metabolism,0.0
126,54,i picked all kinds of fruits . apple picking was one of them .,NO_Q,NO_Q,Apple picking is an activity found at apple farms.,NO_Q,-1.0
127,55,it stimulates a certain portion of the nervous system !,it,What stimulates a certain portion of the nervous system?,Caffeine also stimulates certain portions of the autonomic nervous system.,caffeine,0.0
128,55,it stimulates a certain portion of the nervous system !,a certain portion,What part of the nervous system is stimulated by this drug?,Caffeine also stimulates certain portions of the autonomic nervous system.,autonomic nervous system,0.0
129,55,it stimulates a certain portion of the nervous system !,the nervous system,What part of the body is stimulated?,Caffeine also stimulates certain portions of the autonomic nervous system.,autonomic nervous system,0.8
130,56,"i think you ' re right ! since the roman times , it has been one of the most valuable foods among italians !",the roman times,Since when has it been one of the most valuable foods among italians?,"Since the time of the Roman Empire, broccoli has been considered a uniquely valuable food among Italians.",the time of the roman empire,0.3333333333333333
131,56,"i think you ' re right ! since the roman times , it has been one of the most valuable foods among italians !",the most valuable foods,"Since the roman times, it has been one of what among italians?","Since the time of the Roman Empire, broccoli has been considered a uniquely valuable food among Italians.",uniquely valuable food,0.3333333333333333
132,56,"i think you ' re right ! since the roman times , it has been one of the most valuable foods among italians !",italians,"Since the roman times, it has been one of the most valuable foods among what people?","Since the time of the Roman Empire, broccoli has been considered a uniquely valuable food among Italians.",italians,1.0
133,57,i ' m glad to hear that ! the democrats have been around since 1854 to fight the kansas - nebraska act .,democrats,Who has been fighting the kansas - nebraska act?,"It emerged in 1854 to combat the Kansas–Nebraska Act, an act that dissolved the terms of the Missouri Compromise and allowed slave or free status to be decided in the territories by popular sovereignty.",[CLS],0.0
134,57,i ' m glad to hear that ! the democrats have been around since 1854 to fight the kansas - nebraska act .,1854,When did the democrats fight the kansas - nebraska act?,"It emerged in 1854 to combat the Kansas–Nebraska Act, an act that dissolved the terms of the Missouri Compromise and allowed slave or free status to be decided in the territories by popular sovereignty.",1854,1.0
135,57,i ' m glad to hear that ! the democrats have been around since 1854 to fight the kansas - nebraska act .,the democrats,Who is fighting the kansas - nebraska act?,"It emerged in 1854 to combat the Kansas–Nebraska Act, an act that dissolved the terms of the Missouri Compromise and allowed slave or free status to be decided in the territories by popular sovereignty.",[CLS],0.0
136,57,i ' m glad to hear that ! the democrats have been around since 1854 to fight the kansas - nebraska act .,the kansas - nebraska act,What do the democrats fight?,"It emerged in 1854 to combat the Kansas–Nebraska Act, an act that dissolved the terms of the Missouri Compromise and allowed slave or free status to be decided in the territories by popular sovereignty.",[CLS],0.0
137,58,i love cats too ! they are so small and furry .,NO_Q,NO_Q,"The domestic cat (""Felis silvestris catus"" or ""Felis catus"") is a small, typically furry, carnivorous mammal.",NO_Q,-1.0
138,59,"i ' m not sure , but it originated in india .",india,Where did it originate?,"Yoga (; Sanskrit, योगः Listen) is a group of physical, mental, and spiritual practices or disciplines which originated in ancient India.",ancient india,0.6666666666666666
139,60,i know ! i love how the name comes from two original ingredients .,the name,What comes from two original ingredients?,"The drink's name refers to two of its original ingredients, which were kola nuts (a source of caffeine) and coca leaves.",the drink's name,0.6666666666666666
140,60,i know ! i love how the name comes from two original ingredients .,two original ingredients,How does the name come from?,"The drink's name refers to two of its original ingredients, which were kola nuts (a source of caffeine) and coca leaves.",two of its original ingredients,0.7499999999999999
141,61,"i ' m so sorry to hear that . i know it ' s hard to lose someone you love . there are a lot of environmental factors contributing to cancer , such as obesity , infections , and radiation .",a lot,How much of a factor is there contributing to cancer?,"Common environmental factors that contribute to cancer death include tobacco (according to one estimate, accounting for 25–30% of deaths), obesity (30–35%), infections (15–20%), radiation (both ionizing and non-ionizing, up to 10%), lack of physical activity, and environmental pollutants.",,0.0
142,61,"i ' m so sorry to hear that . i know it ' s hard to lose someone you love . there are a lot of environmental factors contributing to cancer , such as obesity , infections , and radiation .",environmental factors,"Obesity, infections and radiation are examples of what that contribute to cancer?","Common environmental factors that contribute to cancer death include tobacco (according to one estimate, accounting for 25–30% of deaths), obesity (30–35%), infections (15–20%), radiation (both ionizing and non-ionizing, up to 10%), lack of physical activity, and environmental pollutants.",environmental factors,1.0
143,61,"i ' m so sorry to hear that . i know it ' s hard to lose someone you love . there are a lot of environmental factors contributing to cancer , such as obesity , infections , and radiation .",cancer,"Obesity, infections, and radiation are all factors that contribute to what?","Common environmental factors that contribute to cancer death include tobacco (according to one estimate, accounting for 25–30% of deaths), obesity (30–35%), infections (15–20%), radiation (both ionizing and non-ionizing, up to 10%), lack of physical activity, and environmental pollutants.",cancer death,0.6666666666666666
144,61,"i ' m so sorry to hear that . i know it ' s hard to lose someone you love . there are a lot of environmental factors contributing to cancer , such as obesity , infections , and radiation .",obesity,"Along with infections and radiation, what other environmental factor contributes to cancer?","Common environmental factors that contribute to cancer death include tobacco (according to one estimate, accounting for 25–30% of deaths), obesity (30–35%), infections (15–20%), radiation (both ionizing and non-ionizing, up to 10%), lack of physical activity, and environmental pollutants.",obesity,1.0
145,61,"i ' m so sorry to hear that . i know it ' s hard to lose someone you love . there are a lot of environmental factors contributing to cancer , such as obesity , infections , and radiation .",infections,"Along with obesity, radiation and radiation, what environmental factor contributes to cancer?","Common environmental factors that contribute to cancer death include tobacco (according to one estimate, accounting for 25–30% of deaths), obesity (30–35%), infections (15–20%), radiation (both ionizing and non-ionizing, up to 10%), lack of physical activity, and environmental pollutants.",infections,1.0
146,61,"i ' m so sorry to hear that . i know it ' s hard to lose someone you love . there are a lot of environmental factors contributing to cancer , such as obesity , infections , and radiation .",radiation,"Obesity, infections, and what other factor contribute to cancer?","Common environmental factors that contribute to cancer death include tobacco (according to one estimate, accounting for 25–30% of deaths), obesity (30–35%), infections (15–20%), radiation (both ionizing and non-ionizing, up to 10%), lack of physical activity, and environmental pollutants.",,0.0
147,62,"i ' m not sure , but i do know that the keys is an archipelago in the southern portion of florida",florida,In what state are the keys located?,"The Florida Keys are a coral cay archipelago located off the southern coast of Florida, forming the southernmost portion of the continental United States.",florida,1.0
148,62,"i ' m not sure , but i do know that the keys is an archipelago in the southern portion of florida",the keys,What archipelago is in the southern part of florida?,"The Florida Keys are a coral cay archipelago located off the southern coast of Florida, forming the southernmost portion of the continental United States.",the florida keys,0.6666666666666666
149,62,"i ' m not sure , but i do know that the keys is an archipelago in the southern portion of florida",an archipelago,What is the Keys?,"The Florida Keys are a coral cay archipelago located off the southern coast of Florida, forming the southernmost portion of the continental United States.",a coral cay archipelago,0.5
150,62,"i ' m not sure , but i do know that the keys is an archipelago in the southern portion of florida",the southern portion,Where are the keys located in florida?,"The Florida Keys are a coral cay archipelago located off the southern coast of Florida, forming the southernmost portion of the continental United States.",off the southern coast,0.4
151,63,"i ' m not sure , but i do know that over 50 billion of them are raised for meat and eggs .",over 50 billion,How many of them are raised for meat and eggs?,"More than 50 billion chickens are raised annually as a source of food, for both their meat and their eggs.",50 billion,0.8
152,63,"i ' m not sure , but i do know that over 50 billion of them are raised for meat and eggs .",meat,"Besides eggs, what else are over 50 billion of them raised for?","More than 50 billion chickens are raised annually as a source of food, for both their meat and their eggs.",meat,1.0
153,63,"i ' m not sure , but i do know that over 50 billion of them are raised for meat and eggs .",eggs,Over 50 billion of them are raised for meat and what else?,"More than 50 billion chickens are raised annually as a source of food, for both their meat and their eggs.",eggs,1.0
154,64,he was born in 1947 ! he is also an author of supernatural fiction and science fiction .,1947,When was he born?,"Stephen Edwin King (born September 21, 1947) is an American author of horror, supernatural fiction, suspense, science fiction, and fantasy.","september 21, 1947",0.5
155,64,he was born in 1947 ! he is also an author of supernatural fiction and science fiction .,he,Who is an author of supernatural fiction and science fiction?,"Stephen Edwin King (born September 21, 1947) is an American author of horror, supernatural fiction, suspense, science fiction, and fantasy.",stephen edwin king,0.0
156,64,he was born in 1947 ! he is also an author of supernatural fiction and science fiction .,science fiction,"Along with supernatural fiction, what genre of fiction does he write?","Stephen Edwin King (born September 21, 1947) is an American author of horror, supernatural fiction, suspense, science fiction, and fantasy.",horror,0.0
157,65,"yes it is , it is the most consumed alcoholic drink in the whole world",the whole world,Alcohol is the most consumed drink in what world?,"Beer is one of the oldest and most widely consumed alcoholic drinks in the world, and the third most popular drink overall after water and tea.",[CLS],0.0
158,66,wine has been around for a long time in china,china,Wine has been around for a long time in what country?,"Wine (Chinese: ""pútáojiǔ""  ""grape alcohol"") has a long history in China.",china,1.0
159,66,wine has been around for a long time in china,wine,What beverage has been around for a long time in china?,"Wine (Chinese: ""pútáojiǔ""  ""grape alcohol"") has a long history in China.",wine,1.0
160,66,wine has been around for a long time in china,a long time,How long has wine been around in china?,"Wine (Chinese: ""pútáojiǔ""  ""grape alcohol"") has a long history in China.",long,0.6666666666666666
161,67,"i would have to say pokemon , its one of my favorite games of all time .",NO_Q,NO_Q,"Nintendo is one of the world's largest video game companies by market capitalization, creating some of the best-known and top-selling video game franchises, such as ""Mario"", ""The Legend of Zelda"", and ""Pokémon"".",NO_Q,-1.0
162,68,"i ' m not really a big fan of heavy metal myself , but there are a lot of bands that are considered heavy metal , like black sabbath , deep purple , etc .",heavy metal,Black Sabath is an example of what kind of band?,"In 1968, three of the genre's most famous acts, Led Zeppelin, Black Sabbath and Deep Purple were founded.",[CLS],0.0
163,68,"i ' m not really a big fan of heavy metal myself , but there are a lot of bands that are considered heavy metal , like black sabbath , deep purple , etc .",black sabbath,What is one band that is considered heavy metal?,"In 1968, three of the genre's most famous acts, Led Zeppelin, Black Sabbath and Deep Purple were founded.",black sabbath,1.0
164,68,"i ' m not really a big fan of heavy metal myself , but there are a lot of bands that are considered heavy metal , like black sabbath , deep purple , etc .",deep purple,"Along with black sabbath, what band is considered heavy metal?","In 1968, three of the genre's most famous acts, Led Zeppelin, Black Sabbath and Deep Purple were founded.",led zeppelin,0.0
165,69,michael phelps is a great swimmer . he was born in 1985 .,michael phelps,Who is a great swimmer?,"Michael Fred Phelps II (born June 30, 1985) is an American retired competitive swimmer and the most successful and most decorated Olympian of all time, with a total of 28 medals.",[CLS],0.0
166,69,michael phelps is a great swimmer . he was born in 1985 .,1985,When was he born?,"Michael Fred Phelps II (born June 30, 1985) is an American retired competitive swimmer and the most successful and most decorated Olympian of all time, with a total of 28 medals.","june 30, 1985",0.5
167,69,michael phelps is a great swimmer . he was born in 1985 .,a great swimmer,What is michael phelps known for?,"Michael Fred Phelps II (born June 30, 1985) is an American retired competitive swimmer and the most successful and most decorated Olympian of all time, with a total of 28 medals.",retired competitive swimmer,0.4
168,70,that ' s right ! the first game show was called spelling bee in 1938 !,first,What game show was called spelling bee?,"The very first television game show, ""Spelling Bee"", was broadcast in 1938.","""spelling bee"",",0.0
169,70,that ' s right ! the first game show was called spelling bee in 1938 !,1938,When was the first spelling bee?,"The very first television game show, ""Spelling Bee"", was broadcast in 1938.",1938,1.0
170,70,that ' s right ! the first game show was called spelling bee in 1938 !,the first game show,What was the spelling bee?,"The very first television game show, ""Spelling Bee"", was broadcast in 1938.",the very first television game show,0.7499999999999999
171,71,he was born in 1991 and is a songwriter and guitarist .,1991,When was he born?,"Edward Christopher Sheeran, (born 17 February 1991) is an English singer, songwriter, guitarist, and record producer.",17 february 1991,0.5
172,71,he was born in 1991 and is a songwriter and guitarist .,he,Who is a songwriter and guitarist?,"Edward Christopher Sheeran, (born 17 February 1991) is an English singer, songwriter, guitarist, and record producer.",edward christopher sheeran,0.0
173,71,he was born in 1991 and is a songwriter and guitarist .,a songwriter,"Along with a guitarist, what else is he known for?","Edward Christopher Sheeran, (born 17 February 1991) is an English singer, songwriter, guitarist, and record producer.",songwriter,1.0
174,71,he was born in 1991 and is a songwriter and guitarist .,guitarist,"Along with being a songwriter, what else is he known for?","Edward Christopher Sheeran, (born 17 February 1991) is an English singer, songwriter, guitarist, and record producer.",singer,0.0
175,72,"in 2011 , he independently released an extended play .",2011,When did he release an extended play?,"In early 2011, Sheeran independently released the extended play, ""No.",2011,1.0
176,72,"in 2011 , he independently released an extended play .",he,Who released an extended play in 2011?,"In early 2011, Sheeran independently released the extended play, ""No.",sheeran,0.0
177,72,"in 2011 , he independently released an extended play .",an extended play,What did he release in 2011?,"In early 2011, Sheeran independently released the extended play, ""No.","""no.",0.0
178,73,"yes , it does have a lot of history . it ' s also the birthplace for western philosophy and olympic games .",a lot,How much history does the city have?,"Greece is considered the cradle of Western civilization, being the birthplace of democracy, Western philosophy, the Olympic Games, Western literature, historiography, political science, major scientific and mathematical principles, and Western drama.",[CLS],0.0
179,73,"yes , it does have a lot of history . it ' s also the birthplace for western philosophy and olympic games .",history,What does the city have a lot of?,"Greece is considered the cradle of Western civilization, being the birthplace of democracy, Western philosophy, the Olympic Games, Western literature, historiography, political science, major scientific and mathematical principles, and Western drama.",[CLS],0.0
180,73,"yes , it does have a lot of history . it ' s also the birthplace for western philosophy and olympic games .",the birthplace,What is the place for western philosophy and olympic games?,"Greece is considered the cradle of Western civilization, being the birthplace of democracy, Western philosophy, the Olympic Games, Western literature, historiography, political science, major scientific and mathematical principles, and Western drama.",greece,0.0
181,73,"yes , it does have a lot of history . it ' s also the birthplace for western philosophy and olympic games .",olympic games,"Along with western philosophy, what sporting event is held here?","Greece is considered the cradle of Western civilization, being the birthplace of democracy, Western philosophy, the Olympic Games, Western literature, historiography, political science, major scientific and mathematical principles, and Western drama.",olympic games,1.0
182,74,do you like your steaks grilled or pan fried ?,NO_Q,NO_Q,"Steaks are usually grilled, but they can be pan-fried, or broiled.",NO_Q,-1.0
183,75,brewing has been a part of the western economy since the 19th century !,the 19th century,Since when has brewing been a part of the western economy?,Since the nineteenth century the brewing industry has been part of most western economies.,nineteenth century,0.5
184,75,brewing has been a part of the western economy since the 19th century !,brewing,What has been a part of the western economy since the 19th century?,Since the nineteenth century the brewing industry has been part of most western economies.,the brewing industry,0.6666666666666666
185,75,brewing has been a part of the western economy since the 19th century !,the western economy,What has brewing been a part of since the 19th century?,Since the nineteenth century the brewing industry has been part of most western economies.,most western economies,0.4
186,76,it can be made in a liquid or block .,a liquid,"Besides a block, what else can be used to make a sandwich?","It is made in the form of a liquid, paste, or in a block, or used as a flavoring ingredient in other foods.","[CLS] besides a block, what else can be used to make a sandwich?[SEP] it is made in the form of a liquid, paste",0.10526315789473684
187,76,it can be made in a liquid or block .,block,"Along with a liquid, what can be used to make a sandwich?","It is made in the form of a liquid, paste, or in a block, or used as a flavoring ingredient in other foods.",[CLS],0.0
188,77,"yes , ethical vegans are people who don ' t use any animal products at all .",ethical vegans,What are people who don' t use any animal products?,"The term ""ethical vegan"" is often applied to those who not only follow a vegan diet but extend the philosophy into other areas of their lives, and oppose the use of animals for any purpose.",[CLS],0.0
189,77,"yes , ethical vegans are people who don ' t use any animal products at all .",any animal products,What do ethical vegans don't use?,"The term ""ethical vegan"" is often applied to those who not only follow a vegan diet but extend the philosophy into other areas of their lives, and oppose the use of animals for any purpose.",animals,0.0
190,78,i ' ve heard of it . it ' s a protein that is produced by bacteria .,a protein,What does bacteria produce?,"Botulinum toxin (BTX) is a neurotoxic protein produced by the bacterium ""Clostridium botulinum"" and related species.",neurotoxic protein,0.6666666666666666
191,78,i ' ve heard of it . it ' s a protein that is produced by bacteria .,bacteria,What is a protein produced by?,"Botulinum toxin (BTX) is a neurotoxic protein produced by the bacterium ""Clostridium botulinum"" and related species.",[CLS],0.0
192,79,"well , it was originally named after a greek city called syracuse , which was located in sicily .",greek,What language was syracuse?,"Syracuse was named after the original Greek city Syracuse (Siracusa in Italian), a city on the eastern coast of the Italian island of Sicily.",italian,0.0
193,79,"well , it was originally named after a greek city called syracuse , which was located in sicily .",a greek city,What is syracuse?,"Syracuse was named after the original Greek city Syracuse (Siracusa in Italian), a city on the eastern coast of the Italian island of Sicily.",a city on the eastern coast of the italian island of sicily,0.1818181818181818
194,79,"well , it was originally named after a greek city called syracuse , which was located in sicily .",syracuse,What was the original name of the city in sicily?,"Syracuse was named after the original Greek city Syracuse (Siracusa in Italian), a city on the eastern coast of the Italian island of Sicily.",[CLS],0.0
195,80,"yeah , as a kid he cared for animals like snakes , armadillos , and even alligators !",a kid,As what age did he care for animals like snakes?,"As a child, Ross entertained himself by caring for injured animals, purportedly including an armadillo, snake, and alligator.",child,0.0
196,80,"yeah , as a kid he cared for animals like snakes , armadillos , and even alligators !",he,Who cared for snakes and alligators as a kid?,"As a child, Ross entertained himself by caring for injured animals, purportedly including an armadillo, snake, and alligator.",ross,0.0
197,80,"yeah , as a kid he cared for animals like snakes , armadillos , and even alligators !",animals,What did he care for as a kid?,"As a child, Ross entertained himself by caring for injured animals, purportedly including an armadillo, snake, and alligator.",injured animals,0.6666666666666666
198,80,"yeah , as a kid he cared for animals like snakes , armadillos , and even alligators !",snakes,"Along with armadillos and alligators, what animal did he care for as a kid?","As a child, Ross entertained himself by caring for injured animals, purportedly including an armadillo, snake, and alligator.",snake,0.0
199,80,"yeah , as a kid he cared for animals like snakes , armadillos , and even alligators !",armadillos,"Along with snakes and alligators, what other animal did he care for as a kid?","As a child, Ross entertained himself by caring for injured animals, purportedly including an armadillo, snake, and alligator.",armadillo,0.0
200,81,exactly . shift work also increases the chance of developing disorders .,shift work,What type of work increases the chance of developing disorders?,Shift work increases the risk for the development of many disorders.,shift work,1.0
201,81,exactly . shift work also increases the chance of developing disorders .,disorders,What does shift work increase the chance of developing?,Shift work increases the risk for the development of many disorders.,many disorders,0.6666666666666666
202,82,the modern inline skate was developed for ice skating,the modern inline skate,What was developed for ice skating?,"The modern style of inline skates was developed as a substitute for ice skates, for use by a Russian athlete training on solid ground for Olympic long track speed skating events.",[CLS],0.0
203,82,the modern inline skate was developed for ice skating,ice skating,What was the modern inline skate developed for?,"The modern style of inline skates was developed as a substitute for ice skates, for use by a Russian athlete training on solid ground for Olympic long track speed skating events.",as a substitute for ice skates,0.28571428571428575
204,83,"that ' s awesome ! the company was named after thomas lippton , the founder .",thomas lippton,Who was the founder of the company?,The company is named after its founder Thomas Lipton.,thomas lipton,0.5
205,83,"that ' s awesome ! the company was named after thomas lippton , the founder .",the company,What was named after thomas lippton?,The company is named after its founder Thomas Lipton.,the company,1.0
206,83,"that ' s awesome ! the company was named after thomas lippton , the founder .",the founder,Who was thomas lippton?,The company is named after its founder Thomas Lipton.,founder,1.0
207,84,"they fall into 3 categories , purely decorative , symbolic , and pictorial",3,How many categories do they fall into?,Tattoos fall into three broad categories: purely decorative (with no specific meaning); symbolic (with a specific meaning pertinent to the wearer); pictorial (a depiction of a specific person or item).,three,0.0
208,85,i ' ve never seen them live but i know they were formed in 1983 in la .,1983,When were they formed?,Red Hot Chili Peppers are an American funk rock band formed in Los Angeles in 1983.,1983,1.0
209,85,i ' ve never seen them live but i know they were formed in 1983 in la .,la,Where was the band formed?,Red Hot Chili Peppers are an American funk rock band formed in Los Angeles in 1983.,los angeles,0.0
210,86,"i ' m not sure when it became popular , but it originated in the 19th century in england .",the 19th century,When did it first become popular?,Brunch originated in England in the late 19th century and became popular in the United States in the 1930s.,1930s,0.0
211,86,"i ' m not sure when it became popular , but it originated in the 19th century in england .",england,Where did it originate?,Brunch originated in England in the late 19th century and became popular in the United States in the 1930s.,england,1.0
212,87,"i ' m not sure , but i do know that she wrote six full length novels .",six,How many full length novels did she write?,"Her six full-length novels have rarely been out of print, although they were published anonymously and brought her moderate success and little fame during her lifetime.",six,1.0
213,88,i ' m the opposite . i like cream because it has high fat levels .,cream,What type of food has high fat levels?,Cream has high levels of saturated fat.,[CLS],0.0
214,88,i ' m the opposite . i like cream because it has high fat levels .,high fat levels,What does cream have in it?,Cream has high levels of saturated fat.,saturated fat,0.4
215,89,you should ! beets are also used for medicinal purposes .,you,Who should eat beets?,"Other than as a food, beets have use as a food colouring and as a medicinal plant.",[CLS],0.0
216,89,you should ! beets are also used for medicinal purposes .,beets,What is used for medicinal purposes?,"Other than as a food, beets have use as a food colouring and as a medicinal plant.",beets,1.0
217,89,you should ! beets are also used for medicinal purposes .,medicinal purposes,What are beets also used for?,"Other than as a food, beets have use as a food colouring and as a medicinal plant.",medicinal plant,0.5
218,90,i did not read them but i do know that it was published in 1978 .,1978,When was the book published?,"Published since 1978, it chronicles the life of the title character, the cat Garfield; Jon Arbuckle, his owner; and Jon's dog, Odie.",1978,1.0
219,91,it ' s a play that was one of the most popular in his lifetime,his lifetime,During what span of time was the play one of the most popular?,"It was among Shakespeare's most popular plays during his lifetime and along with ""Hamlet"", is one of his most frequently performed plays.",lifetime,0.6666666666666666
220,92,have you ever heard of the rolling stone ? they were formed in 1962 in london .,1962,When were the rolling stone formed?,"The Rolling Stones are an English rock band formed in London, England in 1962.",1962,1.0
221,92,have you ever heard of the rolling stone ? they were formed in 1962 in london .,london,Where were the rolling stone formed?,"The Rolling Stones are an English rock band formed in London, England in 1962.","london, england",0.6666666666666666
222,92,have you ever heard of the rolling stone ? they were formed in 1962 in london .,the rolling stone,What was formed in 1962 in london?,"The Rolling Stones are an English rock band formed in London, England in 1962.",the rolling stones,0.5
223,93,"i ' m not sure , but i know he published his first poetry book in 1945 .",1945,When was his first book published?,"His first book of poetry, ""The North Ship"", was published in 1945, followed by two novels, ""Jill"" (1946) and ""A Girl in Winter"" (1947), and he came to prominence in 1955 with the publication of his second collection of poems, ""The Less Deceived"", followed by ""The Whitsun Weddings"" (1964) and ""High Windows"" (1974).",1945,1.0
224,93,"i ' m not sure , but i know he published his first poetry book in 1945 .",his first poetry book,What did he publish in 1945?,"His first book of poetry, ""The North Ship"", was published in 1945, followed by two novels, ""Jill"" (1946) and ""A Girl in Winter"" (1947), and he came to prominence in 1955 with the publication of his second collection of poems, ""The Less Deceived"", followed by ""The Whitsun Weddings"" (1964) and ""High Windows"" (1974).","""the north ship"",",0.0
225,94,i know ! it ' s crazy how much people appreciate it for its aroma and its juicy texture .,its aroma,"Aside from its juicy texture, what else does a lot of people appreciate it for?","The fruit is widely appreciated for its characteristic aroma, bright red color, juicy texture, and sweetness.",,0.0
226,94,i know ! it ' s crazy how much people appreciate it for its aroma and its juicy texture .,its juicy texture,"Aside from its aroma, what else makes it so popular?","The fruit is widely appreciated for its characteristic aroma, bright red color, juicy texture, and sweetness.",bright red color,0.0
227,95,yeah he started weight training when he was 15 !,15,At what age did he start weight training?,Schwarzenegger began weight training at the age of 15.,15,1.0
228,95,yeah he started weight training when he was 15 !,weight training,What did he start doing when he was 15?,Schwarzenegger began weight training at the age of 15.,weight training,1.0
229,96,i know a little bit . his power is mainly superhuman speeds .,his power,What is mainly superhuman speeds?,His power consists mainly of superhuman speed.,[CLS],0.0
230,96,i know a little bit . his power is mainly superhuman speeds .,superhuman speeds,His power is mainly what?,His power consists mainly of superhuman speed.,superhuman speed,0.5
231,97,yea videos deemed inappropriate are only available for registered users to affirm their age .,yea videos,What kind of videos are only available to registered users?,Videos deemed potentially inappropriate are available only to registered users affirming themselves to be at least 18 years old.,potentially inappropriate,0.0
232,97,yea videos deemed inappropriate are only available for registered users to affirm their age .,registered users,Who can view inappropriate yea videos?,Videos deemed potentially inappropriate are available only to registered users affirming themselves to be at least 18 years old.,registered users,1.0
233,97,yea videos deemed inappropriate are only available for registered users to affirm their age .,their age,What are yea videos only available for registered users to affirm?,Videos deemed potentially inappropriate are available only to registered users affirming themselves to be at least 18 years old.,[CLS] what are yea videos only available for registered users to affirm?[SEP] videos deemed potentially inappropriate are available only to registered users affirming themselves to be at least 18 years old,0.0
234,98,i know that it takes roots from folk music .,NO_Q,NO_Q,It takes its roots from genres such as folk music (especially Appalachian folk music) and blues.,NO_Q,-1.0
235,99,the job also requires a lot of friendly interaction with the customer,the job,What requires a lot of friendly interaction with the customer?,"The position also requires tellers to be friendly and interact with the customers, providing them with information about customers' accounts and bank services.",[CLS],0.0
236,99,the job also requires a lot of friendly interaction with the customer,a lot,How much friendly interaction with the customer does the job require?,"The position also requires tellers to be friendly and interact with the customers, providing them with information about customers' accounts and bank services.",[CLS],0.0
237,99,the job also requires a lot of friendly interaction with the customer,friendly interaction,What does the job also require a lot of?,"The position also requires tellers to be friendly and interact with the customers, providing them with information about customers' accounts and bank services.",,0.0
238,99,the job also requires a lot of friendly interaction with the customer,the customer,Who does the job require a lot of friendly interaction with?,"The position also requires tellers to be friendly and interact with the customers, providing them with information about customers' accounts and bank services.",the customers,0.0
239,100,you definitely should ! he was also in taxi and fever pitch .,you,Who should definitely take a taxi?,"He left the program for the film industry, starring in films such as ""Taxi"" (2004) and ""Fever Pitch"" (2005).",[CLS],0.0
240,100,you definitely should ! he was also in taxi and fever pitch .,he,Who was also in a taxi and fever pitch?,"He left the program for the film industry, starring in films such as ""Taxi"" (2004) and ""Fever Pitch"" (2005).",[CLS],0.0
241,100,you definitely should ! he was also in taxi and fever pitch .,taxi and fever pitch,What was he also in?,"He left the program for the film industry, starring in films such as ""Taxi"" (2004) and ""Fever Pitch"" (2005).",films,0.0
242,101,i do not like her either . she was the winner in the 4th season of american idol .,american idol,Which show did she win on season 4?,"She rose to fame as the winner of the fourth season of ""American Idol"", in 2005.","""american idol"",",1.0
243,102,i remember watching it when it was first broadcast in 1960 .,1960,When was it first broadcast?,"It was originally broadcast from September 30, 1960, to April 1, 1966, in a prime time schedule, the first such instance for an animated series.","september 30, 1960",0.5
244,103,"i ' m not sure , but he was born in 1813",1813,When was he born?,"Henry Bergh was born August 29, 1813, in New York City.","august 29, 1813",0.5
245,104,"yeah , its a pretty cool story . it follows a gang of criminals .",criminals,What gang does the story follow?,"The story follows a group of criminals in three fictionalised versions of US cities as they perform bank robberies, assassinations, and other crimes for their respective syndicates.",criminals,1.0
246,105,it was almost canceled due to a production issue .,a production issue,Why was the show almost canceled?,"However, it was nearly cancelled due to production issues.",production issues,0.5
247,106,horses have been domesticated since 4000 bc .,horses,What animals have been domesticated since 4000 bc?,"Humans began to domesticate horses around 4000 BC, and their domestication is believed to have been widespread by 3000 BC.",horses,1.0
248,106,horses have been domesticated since 4000 bc .,4000 bc,Since when have horses been domesticated?,"Humans began to domesticate horses around 4000 BC, and their domestication is believed to have been widespread by 3000 BC.",4000 bc,1.0
249,107,that ' s cool . i ' m a big fan of robert williams . he was born in 1987 .,robert williams,Who is a big fan of?,"Robert Rihmeek Williams (born May 6, 1987), known professionally as Meek Mill, is an American rapper and songwriter.",[CLS],0.0
250,107,that ' s cool . i ' m a big fan of robert williams . he was born in 1987 .,1987,When was robert williams born?,"Robert Rihmeek Williams (born May 6, 1987), known professionally as Meek Mill, is an American rapper and songwriter.","may 6, 1987",0.5
251,108,the word corona is a latin word for crown,crown,What does the word corona mean?,"The word """"corona"""" is Latin for ""crown"", a reference to an earlier vehicle Toyota offered called the Toyota Crown.","""crown"",",1.0
252,109,that is true . there are 800 languages spoken in the city .,800,How many languages are spoken in the city?,"The city and its metropolitan area constitute the premier gateway for legal immigration to the United States, and as many as 800 languages are spoken in New York, making it the most linguistically diverse city in the world.",800,1.0
253,110,"i ' ve heard of warhammer , but never played it . it ' s been around since 1987 .",1987,Warhammer has been around since what year?,"""Warhammer 40,000"" was created by Rick Priestley in 1987 as the futuristic companion to ""Warhammer Fantasy Battle"", sharing many game mechanics.",[CLS],0.0
254,110,"i ' ve heard of warhammer , but never played it . it ' s been around since 1987 .",warhammer,What game has been around since 1987?,"""Warhammer 40,000"" was created by Rick Priestley in 1987 as the futuristic companion to ""Warhammer Fantasy Battle"", sharing many game mechanics.","""warhammer 40,000""",0.6666666666666666
255,111,"i ' m not sure when it aired , but it was one of the most popular tv programs in 2006 - 2007 .",2006 - 2007,When was it one of the most popular tv shows?,"As a result, the series became the world's most popular television program among all genres in 2006 and 2007, according to the magazine ""Television Business International"", reaching the Top 10 in 17 countries.",2006 and 2007,0.8
256,111,"i ' m not sure when it aired , but it was one of the most popular tv programs in 2006 - 2007 .",the most popular tv programs,What was American Idol one of in 2006-2007?,"As a result, the series became the world's most popular television program among all genres in 2006 and 2007, according to the magazine ""Television Business International"", reaching the Top 10 in 17 countries.",genres,0.0
257,112,"well , traditionally wedding cake was made to make good luck for the couple and guests .",wedding cake,What was traditionally made to make good luck for the couple and their guests?,"Traditionally, wedding cakes were made to bring good luck to all guests and the couple.",wedding cakes,0.5
258,112,"well , traditionally wedding cake was made to make good luck for the couple and guests .",guests,Wedding cake was traditionally made to make good luck for the couple and who else?,"Traditionally, wedding cakes were made to bring good luck to all guests and the couple.",all guests,0.6666666666666666
259,113,alan freed started playing the music style in 1951 .,1951,When did alan freed start playing music?,"In 1951, Cleveland-based disc jockey Alan Freed began playing this music style while popularizing the term ""rock and roll"" to describe it.",1951,1.0
260,113,alan freed started playing the music style in 1951 .,the music style,What did alan freed start playing in 1951?,"In 1951, Cleveland-based disc jockey Alan Freed began playing this music style while popularizing the term ""rock and roll"" to describe it.","""rock and roll""",0.0
261,114,"i ' ve never seen it , but i know james cameron directed it .",james cameron,Who directed the film?,"Titanic is a 1997 American epic romance-disaster film directed, written, co-produced and co-edited by James Cameron.",james cameron,1.0
262,115,fog is a low lying cloud that is influenced by water,fog,What is a low lying cloud that is influenced by water?,"Fog can be considered a type of low-lying cloud and is heavily influenced by nearby bodies of water, topography, and wind conditions.",fog,1.0
263,115,fog is a low lying cloud that is influenced by water,a low lying cloud,What type of cloud is fog?,"Fog can be considered a type of low-lying cloud and is heavily influenced by nearby bodies of water, topography, and wind conditions.",low-lying,0.0
264,115,fog is a low lying cloud that is influenced by water,water,What is fog influenced by?,"Fog can be considered a type of low-lying cloud and is heavily influenced by nearby bodies of water, topography, and wind conditions.","nearby bodies of water, topography, and wind conditions",0.2222222222222222
265,116,horses have been domesticated since 4000 bc .,horses,What animals have been domesticated since 4000 bc?,"Humans began to domesticate horses around 4000 BC, and their domestication is believed to have been widespread by 3000 BC.",horses,1.0
266,116,horses have been domesticated since 4000 bc .,4000 bc,Since when have horses been domesticated?,"Humans began to domesticate horses around 4000 BC, and their domestication is believed to have been widespread by 3000 BC.",4000 bc,1.0
267,117,stevia is a sugar substitute that is extracted from leaves of plant species .,stevia,What is a sugar substitute extracted from leaves of plant species?,"Stevia () is a sweetener and sugar substitute extracted from the leaves of the plant species ""Stevia rebaudiana"".",stevia,1.0
268,117,stevia is a sugar substitute that is extracted from leaves of plant species .,a sugar substitute,What is stevia?,"Stevia () is a sweetener and sugar substitute extracted from the leaves of the plant species ""Stevia rebaudiana"".",a sweetener and sugar substitute,0.6666666666666666
269,117,stevia is a sugar substitute that is extracted from leaves of plant species .,leaves,Stevia is extracted from what part of plants?,"Stevia () is a sweetener and sugar substitute extracted from the leaves of the plant species ""Stevia rebaudiana"".",leaves,1.0
270,117,stevia is a sugar substitute that is extracted from leaves of plant species .,plant species,What type of leaves is stevia extracted from?,"Stevia () is a sweetener and sugar substitute extracted from the leaves of the plant species ""Stevia rebaudiana"".",plant species,1.0
271,118,there are different body weight categories for males and females,different body weight categories,What are there for males and females?,Bodyweight categories are different for male and female competitors.,bodyweight categories,0.3333333333333333
272,118,there are different body weight categories for males and females,males,There are different body weight categories for females and what else?,Bodyweight categories are different for male and female competitors.,male,0.0
273,118,there are different body weight categories for males and females,females,There are different body weight categories for males and what other gender?,Bodyweight categories are different for male and female competitors.,female,0.0
274,119,"i ' m not a huge fan , but i do know that his parents were black panthers .",his parents,Who were black panthers?,"Both of his parents and several other people in his family were members of the Black Panther Party, whose ideals were reflected in his songs.",both of his parents and several other people in his family,0.33333333333333337
275,119,"i ' m not a huge fan , but i do know that his parents were black panthers .",black panthers,What were his parents?,"Both of his parents and several other people in his family were members of the Black Panther Party, whose ideals were reflected in his songs.",members of the black panther party,0.28571428571428575
276,120,have you heard lost highway ? it came out in 2007 .,2007,When did lost highway come out?,"Lost Highway is the tenth studio album by American rock band Bon Jovi, released on June 19, 2007 through Island Records.","june 19, 2007",0.5
277,120,have you heard lost highway ? it came out in 2007 .,lost highway,What was the name of the movie that came out in 2007?,"Lost Highway is the tenth studio album by American rock band Bon Jovi, released on June 19, 2007 through Island Records.",[CLS],0.0
278,121,have you ever had a top crust pie ? they are covered with pastry before baking,you,Who has ever had a top crust pie?,"A ""top-crust"" pie has the filling in the bottom of the dish and is covered with a pastry or other covering before baking.",[CLS],0.0
279,121,have you ever had a top crust pie ? they are covered with pastry before baking,a top crust pie,What type of pie is covered with pastry before baking?,"A ""top-crust"" pie has the filling in the bottom of the dish and is covered with a pastry or other covering before baking.","""top-crust""",0.0
280,121,have you ever had a top crust pie ? they are covered with pastry before baking,pastry,What is a top crust pie covered with before baking?,"A ""top-crust"" pie has the filling in the bottom of the dish and is covered with a pastry or other covering before baking.",a pastry,1.0
281,122,blue is an important color in decoration and art .,blue,What color is important in decoration and art?,Blue has been an important colour in art and decoration since ancient times.,blue,1.0
282,122,blue is an important color in decoration and art .,an important color,What is blue in art?,Blue has been an important colour in art and decoration since ancient times.,important colour,0.5
283,122,blue is an important color in decoration and art .,decoration,Blue is an important color in what kind of art?,Blue has been an important colour in art and decoration since ancient times.,decoration,1.0
284,122,blue is an important color in decoration and art .,art,Blue is an important color in decoration and what else?,Blue has been an important colour in art and decoration since ancient times.,art,1.0
285,123,have you ever heard of taylor swift ? she was born in pennsylvania .,pennsylvania,Where was Taylor Swift born?,"Born and raised in Pennsylvania, Swift moved to Nashville, Tennessee at the age of 14 to pursue a career in country music.",pennsylvania,1.0
286,123,have you ever heard of taylor swift ? she was born in pennsylvania .,taylor swift,Who was born in pennsylvania?,"Born and raised in Pennsylvania, Swift moved to Nashville, Tennessee at the age of 14 to pursue a career in country music.",swift,0.6666666666666666
287,124,music notation is used to visualize music played by instruments .,music notation,What is used to visualize music played by instruments?,"Music notation or musical notation is any system used to visually represent aurally perceived music played with instruments or sung by the human voice through the use of written, printed, or otherwise-produced symbols.",music notation,1.0
288,124,music notation is used to visualize music played by instruments .,music,What type of notation is used to visualize music?,"Music notation or musical notation is any system used to visually represent aurally perceived music played with instruments or sung by the human voice through the use of written, printed, or otherwise-produced symbols.",music notation,0.6666666666666666
289,124,music notation is used to visualize music played by instruments .,instruments,What is music played by?,"Music notation or musical notation is any system used to visually represent aurally perceived music played with instruments or sung by the human voice through the use of written, printed, or otherwise-produced symbols.",instruments,1.0
290,125,"his debut album , justified , was released in 2002 .",2002,When was his debut album released?,"Timberlake began to adopt a more mature image as an artist with the release of his debut solo album, the R&B-focused ""Justified"" (2002), which yielded the successful singles ""Cry Me a River"" and ""Rock Your Body"", and earned his first two Grammy Awards.","(2002),",1.0
291,125,"his debut album , justified , was released in 2002 .",his debut album,What was justified?,"Timberlake began to adopt a more mature image as an artist with the release of his debut solo album, the R&B-focused ""Justified"" (2002), which yielded the successful singles ""Cry Me a River"" and ""Rock Your Body"", and earned his first two Grammy Awards.",r&b,0.0
292,126,"i ' m not sure , but he has sold over 10 million albums worldwide .",over 10 million,How many albums has he sold worldwide?,"Established as a solo artist worldwide, his first two albums both exceeded sales of 10 million copies, and continued producing records and collaborating with other artists.",two,0.0
293,126,"i ' m not sure , but he has sold over 10 million albums worldwide .",he,Who has sold over 10 million albums worldwide?,"Established as a solo artist worldwide, his first two albums both exceeded sales of 10 million copies, and continued producing records and collaborating with other artists.",[CLS],0.0
294,127,i think so too . it was a very severe economic depression in the 1930s,the 1930s,When was there a severe economic depression?,"The Great Depression was a severe worldwide economic depression that took place mostly during the 1930s, originating in the United States.",1930s,1.0
295,128,they have a strong curved bill and strong legs .,they,What kind of animal has a strong curved bill?,"Characteristic features of parrots include a strong, curved bill, an upright stance, strong legs, and clawed zygodactyl feet.",parrots,0.0
296,128,they have a strong curved bill and strong legs .,strong legs,What kind of legs do they have?,"Characteristic features of parrots include a strong, curved bill, an upright stance, strong legs, and clawed zygodactyl feet.",strong,0.6666666666666666
297,129,i love huskies ! they are great sled dogs .,great sled dogs,What are huskies?,"Husky is a general name for a sled-type of dog used in northern regions, differentiated from other sled-dog types by their fast pulling style.",a sled-type of dog,0.0
298,130,"yeah , the games will be held in tokyo in august 2020 .",tokyo,Where will the games be held?,The games are planned to be held from 24 July to 9 August 2020 in Tokyo.,tokyo,1.0
299,130,"yeah , the games will be held in tokyo in august 2020 .",august 2020,When will the Tokyo games be held?,The games are planned to be held from 24 July to 9 August 2020 in Tokyo.,24 july to 9 august 2020,0.5
300,130,"yeah , the games will be held in tokyo in august 2020 .",the games,What will be held in tokyo in 2020?,The games are planned to be held from 24 July to 9 August 2020 in Tokyo.,the games,1.0
301,131,it is a tv show that is based on a book series .,it,What is the name of the show that is based on a book series?,"It is an adaptation of ""A Song of Ice and Fire"", George R. R. Martin's series of fantasy novels, the first of which is ""A Game of Thrones"".",[CLS],0.0
302,131,it is a tv show that is based on a book series .,a tv show,What type of show is it?,"It is an adaptation of ""A Song of Ice and Fire"", George R. R. Martin's series of fantasy novels, the first of which is ""A Game of Thrones"".",[CLS],0.0
303,131,it is a tv show that is based on a book series .,a book series,What is the tv show based on?,"It is an adaptation of ""A Song of Ice and Fire"", George R. R. Martin's series of fantasy novels, the first of which is ""A Game of Thrones"".","""a song of ice and fire"", george r. r. martin's series of fantasy novels",0.13333333333333336
304,132,i love them too ! they were formed in 1993 in orlando .,1993,When were they formed?,"The Backstreet Boys (often abbreviated as BSB) are an American vocal group, formed in Orlando, Florida in 1993.",1993,1.0
305,132,i love them too ! they were formed in 1993 in orlando .,orlando,Where were they formed?,"The Backstreet Boys (often abbreviated as BSB) are an American vocal group, formed in Orlando, Florida in 1993.","orlando, florida",0.6666666666666666
306,133,"i ' m not sure how long they ' ve been around , but i do know that they were developed way back in the 19th century .",the 19th century,When were they first developed?,"The first headphones were developed in the late 19th century for use by telephone operators, to keep their hands free.",late 19th century,0.8
307,134,have you ever seen robert anthony niro ? he was born in 1943 .,robert anthony niro,Who was born in 1943?,"Robert Anthony De Niro Jr. (; born August 17, 1943) is an American actor, producer, and director who holds both American and Italian citizenship.",robert anthony de niro jr.,0.7499999999999999
308,134,have you ever seen robert anthony niro ? he was born in 1943 .,1943,When was robert anthony niro born?,"Robert Anthony De Niro Jr. (; born August 17, 1943) is an American actor, producer, and director who holds both American and Italian citizenship.",[CLS],0.0
309,134,have you ever seen robert anthony niro ? he was born in 1943 .,you,Who has ever seen robert anthony niro?,"Robert Anthony De Niro Jr. (; born August 17, 1943) is an American actor, producer, and director who holds both American and Italian citizenship.",[CLS],0.0
310,135,boston is also the largest city in new england .,boston,What is the largest city in new england?,Boston is New England's largest city as well as the capital of Massachusetts.,boston,1.0
311,135,boston is also the largest city in new england .,the largest city,What is boston also known as in new england?,Boston is New England's largest city as well as the capital of Massachusetts.,capital of massachusetts,0.0
312,135,boston is also the largest city in new england .,new england,Boston is the largest city in what country?,Boston is New England's largest city as well as the capital of Massachusetts.,new england,1.0
313,136,that ' s true . it was filmed in amazon rainforest in colombia .,colombia,In what country was the film shot?,"""Cannibal Holocaust"" was filmed primarily in the Amazon rainforest of Colombia with indigenous tribes interacting with American and Italian actors.",colombia,1.0
314,137,i agree . they serve 69 million people daily in 100 countries . they must be doing something right .,69 million,How many people do they serve daily?,"McDonald's is the world's largest restaurant chain by revenue, serving over 69 million customers daily in over 100 countries across approximately 36,900 outlets as of 2016.",over 69 million,0.8
315,137,i agree . they serve 69 million people daily in 100 countries . they must be doing something right .,100,How many countries do they serve each day?,"McDonald's is the world's largest restaurant chain by revenue, serving over 69 million customers daily in over 100 countries across approximately 36,900 outlets as of 2016.",over 100,0.6666666666666666
316,137,i agree . they serve 69 million people daily in 100 countries . they must be doing something right .,something,They must be doing what right?,"McDonald's is the world's largest restaurant chain by revenue, serving over 69 million customers daily in over 100 countries across approximately 36,900 outlets as of 2016.",[CLS],0.0
317,138,the band was formed in 1972 in pasadena california .,1972,When was the band formed?,"Van Halen is an American hard rock band formed in Pasadena, California, in 1972.",1972,1.0
318,138,the band was formed in 1972 in pasadena california .,california,In what state was the band formed?,"Van Halen is an American hard rock band formed in Pasadena, California, in 1972.",california,1.0
319,138,the band was formed in 1972 in pasadena california .,the band,What band was formed in 1972?,"Van Halen is an American hard rock band formed in Pasadena, California, in 1972.",van halen,0.0
320,138,the band was formed in 1972 in pasadena california .,pasadena california,Where was the band formed?,"Van Halen is an American hard rock band formed in Pasadena, California, in 1972.","pasadena, california",1.0
321,139,3 years old . they were specifically bred to be intelligent and obedience dogs,3 years old,How old are these dogs?,It was specifically bred for intelligence and obedience.,[CLS],0.0
322,139,3 years old . they were specifically bred to be intelligent and obedience dogs,intelligent and obedience dogs,What type of dogs were they specifically bred to be?,It was specifically bred for intelligence and obedience.,intelligence and obedience,0.5714285714285715
323,140,do you like country music ? it originated from the southern us in the 1920s .,the 1920s,When did country music originate?,Country (or country and western) is a musical genre that originated in the southern United States in the early 1920s.,early 1920s,0.6666666666666666
324,140,do you like country music ? it originated from the southern us in the 1920s .,country music,What genre of music originated in the southern us in the 1920s?,Country (or country and western) is a musical genre that originated in the southern United States in the early 1920s.,country,0.6666666666666666
325,140,do you like country music ? it originated from the southern us in the 1920s .,the southern us,Where did country music originate from?,Country (or country and western) is a musical genre that originated in the southern United States in the early 1920s.,southern united states,0.4
326,141,i love unicorns . they are legendary creatures .,unicorns,What are legendary creatures?,"The unicorn is a legendary creature that has been described since antiquity as a beast with a single large, pointed, spiraling horn projecting from its forehead.",the unicorn,0.0
327,141,i love unicorns . they are legendary creatures .,legendary creatures,What are unicorns?,"The unicorn is a legendary creature that has been described since antiquity as a beast with a single large, pointed, spiraling horn projecting from its forehead.",,0.0
328,142,"i ' m not sure , but the term "" night owl "" comes from the habits of owls .",""" night owl",What term comes from the habits of owls?,The term is derived from the primarily nocturnal habits of the owl.,,0.0
329,142,"i ' m not sure , but the term "" night owl "" comes from the habits of owls .",owls,"The term "" night owl "" comes from the habits of what animal?",The term is derived from the primarily nocturnal habits of the owl.,owl,0.0
330,143,it ' s crazy to think that she also cites hendrix as one of her inspirations !,NO_Q,NO_Q,"Greenberg also cites Jimi Hendrix as ""one of my biggest inspirations"".",NO_Q,-1.0
331,144,i love pepsi . it was originally created in 1893 .,pepsi,What beverage was created in 1893?,"Originally created and developed in 1893 by Caleb Bradham and introduced as Brad's Drink, it was renamed as Pepsi-Cola on August 28, 1898, and then as Pepsi in 1961.",brad's drink,0.0
332,144,i love pepsi . it was originally created in 1893 .,1893,When was pepsi first created?,"Originally created and developed in 1893 by Caleb Bradham and introduced as Brad's Drink, it was renamed as Pepsi-Cola on August 28, 1898, and then as Pepsi in 1961.",1893,1.0
333,145,it does get crowded . 32 acts were performed outdoors .,32,How many acts were performed outdoors?,"During the sometimes rainy weekend, 32 acts performed outdoors before an audience of more than 400,000 people.",32,1.0
334,146,"i ' m not sure , but i know it ' s headquarters is in munich .",munich,Where is the company's headquarters?,"The company was founded in 1916 and has its headquarters in Munich, Bavaria.","munich, bavaria",0.6666666666666666
335,147,i know that they are a canadian basketball team .,NO_Q,NO_Q,"The Vancouver Grizzlies were a Canadian professional basketball team based in Vancouver, British Columbia.",NO_Q,-1.0
336,148,"yes , they are based out of memphis tennessee .",memphis tennessee,Where are they based?,"The Memphis Grizzlies are an American professional basketball team based in Memphis, Tennessee.","memphis, tennessee",1.0
337,149,i ' m not sure but they were founded in 1971,1971,When were they founded?,"Starbucks was founded in Seattle, Washington in 1971.",1971,1.0
